{"success": true, "data": {"title": "LoFi Track - test_video", "key": 12, "mode": 2, "bpm": 76, "energy": 0.24376477888992903, "valence": 0.40231360352436607, "swing": 0.4041358942486224, "chords": [1, 3, 6, 4], "melodies": [[8, 1, 6, 2, 4, 2, 6, 1], [2, 4, 3, 8, 3, 8, 4, 2]]}}